"1","Bulbasaur","bulbasaur","妙蛙种子","318","1"
"2","Ivysaur","ivysaur","妙蛙草","405","2"
"3","Venusaur","venusaur","妙蛙花","525","3"
"4","Venusaur-Mega","venusaur-mega","超级妙蛙花","625","899"
"5","Charmander","charmander","小火龙","309","4"
"6","Charmeleon","charmeleon","火恐龙","405","5"
"7","Charizard","charizard","喷火龙","534","6"
"8","Charizard-Mega-X","charizard-megax","超级喷火龙X","634","900"
"9","Charizard-Mega-Y","charizard-megay","超级喷火龙Y","634","901"
"10","Squirtle","squirtle","杰尼龟","314","7"
"11","Wartortle","wartortle","卡咪龟","405","8"
"12","Blastoise","blastoise","水箭龟","530","9"
"13","Blastoise-Mega","blastoise-mega","超级水箭龟","630","902"
"14","Caterpie","caterpie","绿毛虫","195","10"
"15","Metapod","metapod","铁甲蛹","205","11"
"16","Butterfree","butterfree","巴大蝶","395","12"
"17","Weedle","weedle","独角虫","195","13"
"18","Kakuna","kakuna","铁壳蛹","205","14"
"19","Beedrill","beedrill","大针蜂","395","15"
"20","Beedrill-Mega","beedrill-mega","超级大针蜂","495","903"
"21","Pidgey","pidgey","波波","251","16"
"22","Pidgeotto","pidgeotto","比比鸟","349","17"
"23","Pidgeot","pidgeot","大比鸟","479","18"
"24","Pidgeot-Mega","pidgeot-mega","超级大比鸟","579","904"
"25","Rattata","rattata","小拉达","253","19"
"26","Rattata-Alola","rattata-alola","小拉达-阿罗拉的样子","253","905"
"27","Raticate","raticate","拉达","413","20"
"28","Raticate-Alola","raticate-alola","拉达-阿罗拉的样子","413","906"
"29","Spearow","spearow","烈雀","262","21"
"30","Fearow","fearow","大嘴雀","442","22"
"31","Ekans","ekans","阿柏蛇","288","23"
"32","Arbok","arbok","阿柏怪","448","24"
"33","Pikachu","pikachu","皮卡丘","320","25"
"34","Pikachu-Original","pikachu-original","皮卡丘-初始帽子","320","907"
"35","Pikachu-Hoenn","pikachu-hoenn","皮卡丘-丰缘帽子","320","908"
"36","Pikachu-Sinnoh","pikachu-sinnoh","皮卡丘-神奥帽子","320","909"
"37","Pikachu-Unova","pikachu-unova","皮卡丘-合众帽子","320","910"
"38","Pikachu-Kalos","pikachu-kalos","皮卡丘-卡洛斯帽子","320","911"
"39","Pikachu-Alola","pikachu-alola","皮卡丘-阿罗拉帽子","320","912"
"40","Raichu","raichu","雷丘","485","26"
"41","Raichu-Alola","raichu-alola","雷丘-阿罗拉的样子","485","916"
"42","Sandshrew","sandshrew","穿山鼠","300","27"
"43","Sandshrew-Alola","sandshrew-alola","穿山鼠-阿罗拉的样子","300","917"
"44","Sandslash","sandslash","穿山王","450","28"
"45","Sandslash-Alola","sandslash-alola","穿山王-阿罗拉的样子","450","918"
"46","Nidoran-F","nidoranf","尼多兰","275","29"
"47","Nidorina","nidorina","尼多娜","365","30"
"48","Nidoqueen","nidoqueen","尼多后","505","31"
"49","Nidoran-M","nidoranm","尼多朗","273","32"
"50","Nidorino","nidorino","尼多力诺","365","33"
"51","Nidoking","nidoking","尼多王","505","34"
"52","Clefairy","clefairy","皮皮","323","35"
"53","Clefable","clefable","皮可西","483","36"
"54","Vulpix","vulpix","六尾","299","37"
"55","Vulpix-Alola","vulpix-alola","六尾-阿罗拉的样子","299","919"
"56","Ninetales","ninetales","九尾","505","38"
"57","Ninetales-Alola","ninetales-alola","九尾-阿罗拉的样子","505","920"
"58","Jigglypuff","jigglypuff","胖丁","270","39"
"59","Wigglytuff","wigglytuff","胖可丁","435","40"
"60","Zubat","zubat","超音蝠","245","41"
"61","Golbat","golbat","大嘴蝠","455","42"
"62","Oddish","oddish","走路草","320","43"
"63","Gloom","gloom","臭臭花","395","44"
"64","Vileplume","vileplume","霸王花","490","45"
"65","Paras","paras","派拉斯","285","46"
"66","Parasect","paras-ct","派拉斯特","405","47"
"67","Venonat","venonat","毛球","305","48"
"68","Venomoth","venomoth","摩鲁蛾","450","49"
"69","Diglett","diglett","地鼠","265","50"
"70","Diglett-Alola","diglett-alola","地鼠-阿罗拉的样子","265","921"
"71","Dugtrio","dugtrio","三地鼠","425","51"
"72","Dugtrio-Alola","dugtrio-alola","三地鼠-阿罗拉的样子","425","922"
"73","Meowth","meowth","喵喵","290","52"
"74","Meowth-Alola","meowth-alola","喵喵-阿罗拉的样子","290","923"
"75","Meowth-Galar","meowth-galar","喵喵-伽勒尔的样子","290","924"
"76","Persian","persian","猫老大","440","53"
"77","Persian-Alola","persian-alola","猫老大-阿罗拉的样子","440","925"
"78","Psyduck","psyduck","可达鸭","320","54"
"79","Golduck","golduck","哥达鸭","500","55"
"80","Mankey","mankey","猴怪","305","56"
"81","Primeape","primeape","火暴猴","455","57"
"82","Growlithe","growlithe","卡蒂狗","350","58"
"83","Arcanine","arcanine","风速狗","555","59"
"84","Poliwag","poliwag","蚊香蝌蚪","300","60"
"85","Poliwhirl","poliwhirl","蚊香君","385","61"
"86","Poliwrath","poliwrath","蚊香泳士","510","62"
"87","Abra","abra","凯西","310","63"
"88","Kadabra","kadabra","勇基拉","400","64"
"89","Alakazam","alakazam","胡地","500","65"
"90","Alakazam-Mega","alakazam-mega","超级胡地","600","926"
"91","Machop","machop","腕力","305","66"
"92","Machoke","machoke","豪力","405","67"
"93","Machamp","machamp","怪力","505","68"
"94","Bellsprout","bellsprout","喇叭芽","300","69"
"95","Weepinbell","weepinbell","口呆花","390","70"
"96","Victreebel","victreebel","大食花","490","71"
"97","Tentacool","tentacool","玛瑙水母","335","72"
"98","Tentacruel","tentacruel","毒刺水母","515","73"
"99","Geodude","geodude","小拳石","300","74"
"100","Geodude-Alola","geodude-alola","小拳石-阿罗拉的样子","300","927"
"101","Graveler","graveler","隆隆石","390","75"
"102","Graveler-Alola","graveler-alola","隆隆石-阿罗拉的样子","390","928"
"103","Golem","golem","隆隆岩","495","76"
"104","Golem-Alola","golem-alola","隆隆岩-阿罗拉的样子","495","929"
"105","Ponyta","ponyta","小火马","410","77"
"106","Ponyta-Galar","ponyta-galar","小火马-伽勒尔的样子","410","930"
"107","Rapidash","rapidash","烈焰马","500","78"
"108","Rapidash-Galar","rapidash-galar","烈焰马-伽勒尔的样子","500","931"
"109","Slowpoke","slowpoke","呆呆兽","315","79"
"110","Slowbro","slowbro","呆壳兽","490","80"
"111","Slowbro-Mega","slowbro-mega","超级呆壳兽","590","933"
"112","Magnemite","magnemite","小磁怪","325","81"
"113","Magneton","magneton","三合一磁怪","465","82"
"114","Farfetch'd","farfetchd","大葱鸭","377","83"
"115","Farfetch'd-Galar","farfetchd-galar","大葱鸭-伽勒尔的样子","377","935"
"116","Farfetch’d","farfetchd","大葱鸭","377","83"
"117","Farfetch’d-Galar","farfetchd-galar","大葱鸭-伽勒尔的样子","377","935"
"118","Doduo","doduo","嘟嘟","310","84"
"119","Dodrio","dodrio","嘟嘟利","470","85"
"120","Seel","seel","小海狮","325","86"
"121","Dewgong","dewgong","白海狮","475","87"
"122","Grimer","grimer","臭泥","325","88"
"123","Grimer-Alola","grimer-alola","臭泥-阿罗拉的样子","325","936"
"124","Muk","muk","臭臭泥","500","89"
"125","Muk-Alola","muk-alola","臭臭泥-阿罗拉的样子","500","937"
"126","Shellder","shellder","大舌贝","305","90"
"127","Cloyster","cloyster","刺甲贝","525","91"
"128","Gastly","gastly","鬼斯","310","92"
"129","Haunter","haunter","鬼斯通","405","93"
"130","Gengar","gengar","耿鬼","500","94"
"131","Gengar-Mega","gengar-mega","超级耿鬼","600","938"
"132","Onix","onix","大岩蛇","385","95"
"133","Drowzee","drowzee","催眠貘","328","96"
"134","Hypno","hypno","引梦貘人","483","97"
"135","Krabby","krabby","大钳蟹","325","98"
"136","Kingler","kingler","巨钳蟹","475","99"
"137","Voltorb","voltorb","霹雳电球","330","100"
"138","Electrode","electrode","顽皮雷弹","490","101"
"139","Exeggcute","exeggcute","蛋蛋","325","102"
"140","Exeggutor","exeggutor","椰蛋树","530","103"
"141","Exeggutor-Alola","exeggutor-alola","椰蛋树-阿罗拉的样子","530","939"
"142","Cubone","cubone","卡拉卡拉","320","104"
"143","Marowak","marowak","嘎啦嘎啦","425","105"
"144","Marowak-Alola","marowak-alola","嘎啦嘎啦-阿罗拉的样子","425","940"
"145","Hitmonlee","hitmonlee","飞腿郎","455","106"
"146","Hitmonchan","hitmonchan","快拳郎","455","107"
"147","Lickitung","lickitung","大舌头","385","108"
"148","Koffing","koffing","瓦斯弹","340","109"
"149","Weezing","weezing","双弹瓦斯","490","110"
"150","Weezing-Galar","weezing-galar","双弹瓦斯-伽勒尔的样子","490","941"
"151","Rhyhorn","rhyhorn","独角犀牛","345","111"
"152","Rhydon","rhydon","钻角犀兽","485","112"
"153","Chansey","chansey","吉利蛋","450","113"
"154","Tangela","tangela","蔓藤怪","435","114"
"155","Kangaskhan","kangaskhan","袋兽","490","115"
"156","Kangaskhan-Mega","kangaskhan-mega","超级袋兽","590","942"
"157","Horsea","horsea","墨海马","295","116"
"158","Seadra","seadra","海刺龙","440","117"
"159","Goldeen","goldeen","角金鱼","320","118"
"160","Seaking","seaking","金鱼王","450","119"
"161","Staryu","staryu","海星星","340","120"
"162","Starmie","starmie","宝石海星","520","121"
"163","Mr. Mime","mr.mime","魔墙人偶","460","122"
"164","Mr. Mime-Galar","mr.mime-galar","魔墙人偶-伽勒尔的样子","460","943"
"165","Scyther","scyther","飞天螳螂","500","123"
"166","Jynx","jynx","迷唇姐","455","124"
"167","Electabuzz","electabuzz","电击兽","490","125"
"168","Magmar","magmar","鸭嘴火兽","495","126"
"169","Pinsir","pinsir","凯罗斯","500","127"
"170","Pinsir-Mega","pinsir-mega","超级凯罗斯","600","944"
"171","Tauros","tauros","肯泰罗","490","128"
"172","Magikarp","magikarp","鲤鱼王","200","129"
"173","Gyarados","gyarados","暴鲤龙","540","130"
"174","Gyarados-Mega","gyarados-mega","超级暴鲤龙","640","945"
"175","Lapras","lapras","拉普拉斯","535","131"
"176","Ditto","ditto","百变怪","288","132"
"177","Eevee","eevee","伊布","325","133"
"178","Vaporeon","vaporeon","水伊布","525","134"
"179","Jolteon","jolteon","雷伊布","525","135"
"180","Flareon","flareon","火伊布","525","136"
"181","Porygon","porygon","多边兽","395","137"
"182","Omanyte","omanyte","菊石兽","355","138"
"183","Omastar","omastar","多刺菊石兽","495","139"
"184","Kabuto","kabuto","化石盔","355","140"
"185","Kabutops","kabuto-s","镰刀盔","495","141"
"186","Aerodactyl","aerodactyl","化石翼龙","515","142"
"187","Aerodactyl-Mega","aerodactyl-mega","超级化石翼龙","615","947"
"188","Snorlax","snorlax","卡比兽","540","143"
"189","Articuno","articuno","急冻鸟","580","144"
"190","Zapdos","zapdos","闪电鸟","580","145"
"191","Moltres","moltres","火焰鸟","580","146"
"192","Dratini","dratini","迷你龙","300","147"
"193","Dragonair","dragonair","哈克龙","420","148"
"194","Dragonite","dragonite","快龙","600","149"
"195","Mewtwo","mewtwo","超梦","680","150"
"196","Mewtwo-Mega-X","mewtwo-megax","超级超梦X","780","951"
"197","Mewtwo-Mega-Y","mewtwo-megay","超级超梦Y","780","952"
"198","Mew","mew","梦幻","600","151"
"199","Chikorita","chikorita","菊草叶","318","152"
"200","Bayleef","bayleef","月桂叶","405","153"
"201","Meganium","meganium","大竺葵","525","154"
"202","Cyndaquil","cyndaquil","火球鼠","309","155"
"203","Quilava","quilava","火岩鼠","405","156"
"204","Typhlosion","typhlosion","火暴兽","534","157"
"205","Totodile","totodile","小锯鳄","314","158"
"206","Croconaw","croconaw","蓝鳄","405","159"
"207","Feraligatr","feraligatr","大力鳄","530","160"
"208","Sentret","sentret","尾立","215","161"
"209","Furret","furret","大尾立","415","162"
"210","Hoothoot","hoothoot","咕咕","262","163"
"211","Noctowl","noctowl","猫头夜鹰","452","164"
"212","Ledyba","ledyba","芭瓢虫","265","165"
"213","Ledian","ledian","安瓢虫","390","166"
"214","Spinarak","spinarak","圆丝蛛","250","167"
"215","Ariados","ariados","阿利多斯","390","168"
"216","Crobat","crobat","叉字蝠","535","169"
"217","Chinchou","chinchou","灯笼鱼","330","170"
"218","Lanturn","lanturn","电灯怪","460","171"
"219","Pichu","pichu","皮丘","205","172"
"220","Cleffa","cleffa","皮宝宝","218","173"
"221","Igglybuff","igglybuff","宝宝丁","210","174"
"222","Togepi","togepi","波克比","245","175"
"223","Togetic","togetic","波克基古","405","176"
"224","Natu","natu","天然雀","320","177"
"225","Xatu","xatu","天然鸟","470","178"
"226","Mareep","mareep","咩利羊","280","179"
"227","Flaaffy","flaaffy","茸茸羊","365","180"
"228","Ampharos","ampharos","电龙","510","181"
"229","Ampharos-Mega","ampharos-mega","超级电龙","610","953"
"230","Bellossom","bellossom","美丽花","490","182"
"231","Marill","marill","玛力露","250","183"
"232","Azumarill","azumarill","玛力露丽","420","184"
"233","Sudowoodo","sudowoodo","树才怪","410","185"
"234","Politoed","politoed","蚊香蛙皇","500","186"
"235","Hoppip","hoppip","毽子草","250","187"
"236","Skiploom","skiploom","毽子花","340","188"
"237","Jumpluff","jumpluff","毽子棉","460","189"
"238","Aipom","aipom","长尾怪手","360","190"
"239","Sunkern","sunkern","向日种子","180","191"
"240","Sunflora","sunflora","向日花怪","425","192"
"241","Yanma","yanma","蜻蜻蜓","390","193"
"242","Wooper","wooper","乌波","210","194"
"243","Quagsire","quagsire","沼王","430","195"
"244","Espeon","espeon","太阳伊布","525","196"
"245","Umbreon","umbreon","月亮伊布","525","197"
"246","Murkrow","murkrow","黑暗鸦","405","198"
"247","Slowking","slowking","呆呆王","490","199"
"248","Misdreavus","misdreavus","梦妖","435","200"
"249","Unown","unown","未知图腾","336","201"
"250","Wobbuffet","wobbuffet","果然翁","405","202"
"251","Girafarig","girafarig","麒麟奇","455","203"
"252","Pineco","pineco","榛果球","290","204"
"253","Forretress","forretress","佛烈托斯","465","205"
"254","Dunsparce","dunsparce","土龙弟弟","415","206"
"255","Gligar","gligar","天蝎","430","207"
"256","Steelix","steelix","大钢蛇","510","208"
"257","Steelix-Mega","steelix-mega","超级大钢蛇","610","982"
"258","Snubbull","snubbull","布鲁","300","209"
"259","Granbull","granbull","布鲁皇","450","210"
"260","Qwilfish","qwilfish","千针鱼","440","211"
"261","Scizor","scizor","巨钳螳螂","500","212"
"262","Scizor-Mega","scizor-mega","超级巨钳螳螂","600","983"
"263","Shuckle","shuckle","壶壶","505","213"
"264","Heracross","heracross","赫拉克罗斯","500","214"
"265","Heracross-Mega","heracross-mega","超级赫拉克罗斯","600","984"
"266","Sneasel","sneasel","狃拉","430","215"
"267","Teddiursa","teddiursa","熊宝宝","330","216"
"268","Ursaring","ursaring","圈圈熊","500","217"
"269","Slugma","slugma","熔岩虫","250","218"
"270","Magcargo","magcargo","熔岩蜗牛","430","219"
"271","Swinub","swinub","小山猪","250","220"
"272","Piloswine","piloswine","长毛猪","450","221"
"273","Corsola","corsola","太阳珊瑚","410","222"
"274","Corsola-Galar","corsola-galar","太阳珊瑚-伽勒尔的样子","410","985"
"275","Remoraid","remoraid","铁炮鱼","300","223"
"276","Octillery","octillery","章鱼桶","480","224"
"277","Delibird","delibird","信使鸟","330","225"
"278","Mantine","mantine","巨翅飞鱼","485","226"
"279","Skarmory","skarmory","盔甲鸟","465","227"
"280","Houndour","houndour","戴鲁比","330","228"
"281","Houndoom","houndoom","黑鲁加","500","229"
"282","Houndoom-Mega","houndoom-mega","超级黑鲁加","600","986"
"283","Kingdra","kingdra","刺龙王","540","230"
"284","Phanpy","phanpy","小小象","330","231"
"285","Donphan","donphan","顿甲","500","232"
"286","Porygon2","porygon2","多边兽Ⅱ","515",NULL
"287","Stantler","stantler","惊角鹿","465","234"
"288","Smeargle","smeargle","图图犬","250","235"
"289","Tyrogue","tyrogue","无畏小子","210","236"
"290","Hitmontop","hitmontop","战舞郎","455","237"
"291","Smoochum","smoochum","迷唇娃","305","238"
"292","Elekid","elekid","电击怪","360","239"
"293","Magby","magby","鸭嘴宝宝","365","240"
"294","Miltank","miltank","大奶罐","490","241"
"295","Blissey","blissey","幸福蛋","540","242"
"296","Raikou","raikou","雷公","580","243"
"297","Entei","entei","炎帝","580","244"
"298","Suicune","suicune","水君","580","245"
"299","Larvitar","larvitar","幼基拉斯","300","246"
"300","Pupitar","pupitar","沙基拉斯","410","247"
"301","Tyranitar","tyranitar","班基拉斯","600","248"
"302","Tyranitar-Mega","tyranitar-mega","超级班基拉斯","700","987"
"303","Lugia","lugia","洛奇亚","680","249"
"304","Ho-Oh","hooh","凤王","680","250"
"305","Celebi","celebi","时拉比","600","251"
"306","Treecko","treecko","木守宫","310","252"
"307","Grovyle","grovyle","森林蜥蜴","405","253"
"308","Sceptile","sceptile","蜥蜴王","530","254"
"309","Sceptile-Mega","sceptile-mega","超级蜥蜴王","630","988"
"310","Torchic","torchic","火稚鸡","310","255"
"311","Combusken","combusken","力壮鸡","405","256"
"312","Blaziken","blaziken","火焰鸡","530","257"
"313","Blaziken-Mega","blaziken-mega","超级火焰鸡","630","989"
"314","Mudkip","mudkip","水跃鱼","310","258"
"315","Marshtomp","marshtomp","沼跃鱼","405","259"
"316","Swampert","swampert","巨沼怪","535","260"
"317","Swampert-Mega","swampert-mega","超级巨沼怪","635","990"
"318","Poochyena","poochyena","土狼犬","220","261"
"319","Mightyena","mightyena","大狼犬","420","262"
"320","Zigzagoon","zigzagoon","蛇纹熊","240","263"
"321","Zigzagoon-Galar","zigzagoon-galar","蛇纹熊-伽勒尔的样子","240","991"
"322","Linoone","linoone","直冲熊","420","264"
"323","Linoone-Galar","linoone-galar","直冲熊-伽勒尔的样子","420","992"
"324","Wurmple","wurmple","刺尾虫","195","265"
"325","Silcoon","silcoon","甲壳茧","205","266"
"326","Beautifly","beautifly","狩猎凤蝶","395","267"
"327","Cascoon","cascoon","盾甲茧","205","268"
"328","Dustox","dustox","毒粉蛾","385","269"
"329","Lotad","lotad","莲叶童子","220","270"
"330","Lombre","lombre","莲帽小童","340","271"
"331","Ludicolo","ludicolo","乐天河童","480","272"
"332","Seedot","seedot","橡实果","220","273"
"333","Nuzleaf","nuzleaf","长鼻叶","340","274"
"334","Shiftry","shiftry","狡猾天狗","480","275"
"335","Taillow","taillow","傲骨燕","270","276"
"336","Swellow","swellow","大王燕","455","277"
"337","Wingull","wingull","长翅鸥","270","278"
"338","Pelipper","pelipper","大嘴鸥","440","279"
"339","Ralts","ralts","拉鲁拉丝","198","280"
"340","Kirlia","kirlia","奇鲁莉安","278","281"
"341","Gardevoir","gardevoir","沙奈朵","518","282"
"342","Gardevoir-Mega","gardevoir-mega","超级沙奈朵","618","993"
"343","Surskit","surskit","溜溜糖球","269","283"
"344","Masquerain","masquerain","雨翅蛾","454","284"
"345","Shroomish","shroomish","蘑蘑菇","295","285"
"346","Breloom","breloom","斗笠菇","460","286"
"347","Slakoth","slakoth","懒人獭","280","287"
"348","Vigoroth","vigoroth","过动猿","440","288"
"349","Slaking","slaking","请假王","670","289"
"350","Nincada","nincada","土居忍士","266","290"
"351","Ninjask","ninjask","铁面忍者","456","291"
"352","Shedinja","shedinja","脱壳忍者","236","292"
"353","Whismur","whismur","咕妞妞","240","293"
"354","Loudred","loudred","吼爆弹","360","294"
"355","Exploud","exploud","爆音怪","490","295"
"356","Makuhita","makuhita","幕下力士","237","296"
"357","Hariyama","hariyama","铁掌力士","474","297"
"358","Azurill","azurill","露力丽","190","298"
"359","Nosepass","nosepass","朝北鼻","375","299"
"360","Skitty","skitty","向尾喵","260","300"
"361","Delcatty","delcatty","优雅猫","400","301"
"362","Sableye","sableye","勾魂眼","380","302"
"363","Sableye-Mega","sableye-mega","超级勾魂眼","480","994"
"364","Mawile","mawile","大嘴娃","380","303"
"365","Mawile-Mega","mawile-mega","超级大嘴娃","480","995"
"366","Aron","aron","可可多拉","330","304"
"367","Lairon","lairon","可多拉","430","305"
"368","Aggron","aggron","波士可多拉","530","306"
"369","Aggron-Mega","aggron-mega","超级波士可多拉","630","996"
"370","Meditite","meditite","玛沙那","280","307"
"371","Medicham","medicham","恰雷姆","410","308"
"372","Medicham-Mega","medicham-mega","超级恰雷姆","510","997"
"373","Electrike","electrike","落雷兽","295","309"
"374","Manectric","manectric","雷电兽","475","310"
"375","Manectric-Mega","manectric-mega","超级雷电兽","575","998"
"376","Plusle","plusle","正电拍拍","405","311"
"377","Minun","minun","负电拍拍","405","312"
"378","Volbeat","volbeat","电萤虫","430","313"
"379","Illumise","illumise","甜甜萤","430","314"
"380","Roselia","roselia","毒蔷薇","400","315"
"381","Gulpin","gulpin","溶食兽","302","316"
"382","Swalot","swalot","吞食兽","467","317"
"383","Carvanha","carvanha","利牙鱼","305","318"
"384","Sharpedo","sharpedo","巨牙鲨","460","319"
"385","Sharpedo-Mega","sharpedo-mega","超级巨牙鲨","560","999"
"386","Wailmer","wailmer","吼吼鲸","400","320"
"387","Wailord","wailord","吼鲸王","500","321"
"388","Numel","numel","呆火驼","305","322"
"389","Camerupt","camerupt","喷火驼","460","323"
"390","Camerupt-Mega","camerupt-mega","超级喷火驼","560","1000"
"391","Torkoal","torkoal","煤炭龟","470","324"
"392","Spoink","spoink","跳跳猪","330","325"
"393","Grumpig","grumpig","噗噗猪","470","326"
"394","Spinda","spinda","晃晃斑","360","327"
"395","Trapinch","trapinch","大颚蚁","290","328"
"396","Vibrava","vibrava","超音波幼虫","340","329"
"397","Flygon","flygon","沙漠蜻蜓","520","330"
"398","Cacnea","cacnea","刺球仙人掌","335","331"
"399","Cacturne","cacturne","梦歌仙人掌","475","332"
"400","Swablu","swablu","青绵鸟","310","333"
"401","Altaria","altaria","七夕青鸟","490","334"
"402","Altaria-Mega","altaria-mega","超级七夕青鸟","590","1001"
"403","Zangoose","zangoose","猫鼬斩","458","335"
"404","Seviper","seviper","饭匙蛇","458","336"
"405","Lunatone","lunatone","月石","460","337"
"406","Solrock","solrock","太阳岩","460","338"
"407","Barboach","barboach","泥泥鳅","288","339"
"408","Whiscash","whiscash","鲶鱼王","468","340"
"409","Corphish","corphish","龙虾小兵","308","341"
"410","Crawdaunt","crawdaunt","铁螯龙虾","468","342"
"411","Baltoy","baltoy","天秤偶","300","343"
"412","Claydol","claydol","念力土偶","500","344"
"413","Lileep","lileep","触手百合","355","345"
"414","Cradily","cradily","摇篮百合","495","346"
"415","Anorith","anorith","太古羽虫","355","347"
"416","Armaldo","armaldo","太古盔甲","495","348"
"417","Feebas","feebas","丑丑鱼","200","349"
"418","Milotic","milotic","美纳斯","540","350"
"419","Castform","castform","飘浮泡泡","420","351"
"420","Castform-Sunny","castform-sunny","飘浮泡泡-太阳的样子","420","1002"
"421","Castform-Rainy","castform-rainy","飘浮泡泡-雨水的样子","420","1003"
"422","Castform-Snowy","castform-snowy","飘浮泡泡-雪云的样子","420","1004"
"423","Kecleon","kecleon","变隐龙","440","352"
"424","Shuppet","shuppet","怨影娃娃","295","353"
"425","Banette","banette","诅咒娃娃","455","354"
"426","Banette-Mega","banette-mega","超级诅咒娃娃","555","1005"
"427","Duskull","duskull","夜巡灵","295","355"
"428","Dusclops","dusclops","彷徨夜灵","455","356"
"429","Tropius","tropius","热带龙","460","357"
"430","Chimecho","chimecho","风铃铃","455","358"
"431","Absol","absol","阿勃梭鲁","465","359"
"432","Absol-Mega","absol-mega","超级阿勃梭鲁","565","1006"
"433","Wynaut","wynaut","小果然","260","360"
"434","Snorunt","snorunt","雪童子","300","361"
"435","Glalie","glalie","冰鬼护","480","362"
"436","Glalie-Mega","glalie-mega","超级冰鬼护","580","1007"
"437","Spheal","spheal","海豹球","290","363"
"438","Sealeo","sealeo","海魔狮","410","364"
"439","Walrein","walrein","帝牙海狮","530","365"
"440","Clamperl","clamperl","珍珠贝","345","366"
"441","Huntail","huntail","猎斑鱼","485","367"
"442","Gorebyss","gorebyss","樱花鱼","485","368"
"443","Relicanth","relicanth","古空棘鱼","485","369"
"444","Luvdisc","luvdisc","爱心鱼","330","370"
"445","Bagon","bagon","宝贝龙","300","371"
"446","Shelgon","shelgon","甲壳龙","420","372"
"447","Salamence","salamence","暴飞龙","600","373"
"448","Salamence-Mega","salamence-mega","超级暴飞龙","700","1008"
"449","Beldum","beldum","铁哑铃","300","374"
"450","Metang","metang","金属怪","420","375"
"451","Metagross","metagross","巨金怪","600","376"
"452","Metagross-Mega","metagross-mega","超级巨金怪","700","1009"
"453","Regirock","regirock","雷吉洛克","580","377"
"454","Regice","regice","雷吉艾斯","580","378"
"455","Registeel","registeel","雷吉斯奇鲁","580","379"
"456","Latias","latias","拉帝亚斯","600","380"
"457","Latias-Mega","latias-mega","超级拉帝亚斯","700","1010"
"458","Latios","latios","拉帝欧斯","600","381"
"459","Latios-Mega","latios-mega","超级拉帝欧斯","700","1011"
"460","Kyogre","kyogre","盖欧卡","670","382"
"461","Kyogre-Primal","kyogre-primal","盖欧卡-原始回归的样子","770",NULL
"462","Groudon","groudon","固拉多","670","383"
"463","Groudon-Primal","groudon-primal","固拉多-原始回归的样子","770",NULL
"464","Rayquaza","rayquaza","烈空坐","680","384"
"465","Rayquaza-Mega","rayquaza-mega","超级烈空坐","780","1014"
"466","Jirachi","jirachi","基拉祈","600","385"
"467","Deoxys","deoxys","代欧奇希斯-普通形态","600","386"
"468","Deoxys-Attack","deoxys-attack","代欧奇希斯-攻击的样子","600",NULL
"469","Deoxys-Defense","deoxys-defense","代欧奇希斯-防御的样子","600",NULL
"470","Deoxys-Speed","deoxys-speed","代欧奇希斯-速度的样子","600",NULL
"471","Turtwig","turtwig","草苗龟","318","387"
"472","Grotle","grotle","树林龟","405","388"
"473","Torterra","torterra","土台龟","525","389"
"474","Chimchar","chimchar","小火焰猴","309","390"
"475","Monferno","monferno","猛火猴","405","391"
"476","Infernape","infernape","烈焰猴","534","392"
"477","Piplup","piplup","波加曼","314","393"
"478","Prinplup","prinplup","波皇子","405","394"
"479","Empoleon","empoleon","帝王拿波","530","395"
"480","Starly","starly","姆克儿","245","396"
"481","Staravia","staravia","姆克鸟","340","397"
"482","Staraptor","staraptor","姆克鹰","485","398"
"483","Bidoof","bidoof","大牙狸","250","399"
"484","Bibarel","bibarel","大尾狸","410","400"
"485","Kricketot","kricketot","圆法师","194","401"
"486","Kricketune","kricketune","音箱蟀","384","402"
"487","Shinx","shinx","小猫怪","263","403"
"488","Luxio","luxio","勒克猫","363","404"
"489","Luxray","luxray","伦琴猫","523","405"
"490","Budew","budew","含羞苞","280","406"
"491","Roserade","roserade","罗丝雷朵","515","407"
"492","Cranidos","cranidos","头盖龙","350","408"
"493","Rampardos","rampardos","战槌龙","495","409"
"494","Shieldon","shieldon","盾甲龙","350","410"
"495","Bastiodon","bastiodon","护城龙","495","411"
"496","Burmy","burmy","结草儿-草木蓑衣","224","412"
"497","Burmy-Sandy","burmy-sandy","结草儿-砂土蓑衣","224","1018"
"498","Burmy-Trash","burmy-trash","结草儿-垃圾蓑衣","224","1019"
"499","Wormadam","wormadam","结草贵妇-草木蓑衣","424","413"
"500","Wormadam-Sandy","wormadam-sandy","结草贵妇-砂土蓑衣","424","1020"
"501","Wormadam-Trash","wormadam-trash","结草贵妇-垃圾蓑衣","424","1021"
"502","Mothim","mothim","绅士蛾","424","414"
"503","Combee","combee","三蜜蜂","244","415"
"504","Vespiquen","vespiquen","蜂女王","474","416"
"505","Pachirisu","pachirisu","帕奇利兹","405","417"
"506","Buizel","buizel","泳圈鼬","330","418"
"507","Floatzel","floatzel","浮潜鼬","495","419"
"508","Cherubi","cherubi","樱花宝","275","420"
"509","Cherrim","cherrim","樱花儿-阴天形态","450","421"
"510","Cherrim-Sunshine","cherrim-sunshine","樱花儿-晴天形态","450","1024"
"511","Shellos","shellos","无壳海兔-西海","325","422"
"512","Shellos-East","shellos-east","无壳海兔-东海","325","1025"
"513","Gastrodon","gastrodon","海兔兽-西海","475","423"
"514","Gastrodon-East","gastrodon-east","海兔兽-东海","475","1026"
"515","Ambipom","ambipom","双尾怪手","482","424"
"516","Drifloon","drifloon","飘飘球","348","425"
"517","Drifblim","drifblim","随风球","498","426"
"518","Buneary","buneary","卷卷耳","350","427"
"519","Lopunny","lopunny","长耳兔","480","428"
"520","Lopunny-Mega","lopunny-mega","超级长耳兔","580","1027"
"521","Mismagius","mismagius","梦妖魔","495","429"
"522","Honchkrow","honchkrow","乌鸦头头","505","430"
"523","Glameow","glameow","魅力喵","310","431"
"524","Purugly","purugly","东施喵","452","432"
"525","Chingling","chingling","铃铛响","285","433"
"526","Stunky","stunky","臭鼬噗","329","434"
"527","Skuntank","skuntank","坦克臭鼬","479","435"
"528","Bronzor","bronzor","铜镜怪","300","436"
"529","Bronzong","bronzong","青铜钟","500","437"
"530","Bonsly","bonsly","盆才怪","290","438"
"531","Mime Jr.","mimejr.","魔尼尼","310","439"
"532","Happiny","happiny","小福蛋","220","440"
"533","Chatot","chatot","聒噪鸟","411","441"
"534","Spiritomb","spiritomb","花岩怪","485","442"
"535","Gible","gible","圆陆鲨","300","443"
"536","Gabite","gabite","尖牙陆鲨","410","444"
"537","Garchomp","garchomp","烈咬陆鲨","600","445"
"538","Garchomp-Mega","garchomp-mega","超级烈咬陆鲨","700","1028"
"539","Munchlax","munchlax","小卡比兽","390","446"
"540","Riolu","riolu","利欧路","285","447"
"541","Lucario","lucario","路卡利欧","525","448"
"542","Lucario-Mega","lucario-mega","超级路卡利欧","625","1029"
"543","Hippopotas","hippopotas","沙河马","330","449"
"544","Hippowdon","hippowdon","河马兽","525","450"
"545","Skorupi","skorupi","钳尾蝎","330","451"
"546","Drapion","drapion","龙王蝎","500","452"
"547","Croagunk","croagunk","不良蛙","300","453"
"548","Toxicroak","toxicroak","毒骷蛙","490","454"
"549","Carnivine","carnivine","尖牙笼","454","455"
"550","Finneon","finneon","荧光鱼","330","456"
"551","Lumineon","lumineon","霓虹鱼","460","457"
"552","Mantyke","mantyke","小球飞鱼","345","458"
"553","Snover","snover","雪笠怪","334","459"
"554","Abomasnow","abomasnow","暴雪王","494","460"
"555","Abomasnow-Mega","abomasnow-mega","超级暴雪王","594","1030"
"556","Weavile","weavile","玛狃拉","510","461"
"557","Magnezone","magnezone","自爆磁怪","535","462"
"558","Lickilicky","lickilicky","大舌舔","515","463"
"559","Rhyperior","rhyperior","超甲狂犀","535","464"
"560","Tangrowth","tangrowth","巨蔓藤","535","465"
"561","Electivire","electivire","电击魔兽","540","466"
"562","Magmortar","magmortar","鸭嘴炎兽","540","467"
"563","Togekiss","togekiss","波克基斯","545","468"
"564","Yanmega","yanmega","远古巨蜓","515","469"
"565","Leafeon","leafeon","叶伊布","525","470"
"566","Glaceon","glaceon","冰伊布","525","471"
"567","Gliscor","gliscor","天蝎王","510","472"
"568","Mamoswine","mamoswine","象牙猪","530","473"
"569","Porygon-Z","porygonz","多边兽Z","535",NULL
"570","Gallade","gallade","艾路雷朵","518","475"
"571","Gallade-Mega","gallade-mega","超级艾路雷朵","618","1031"
"572","Probopass","probopass","大朝北鼻","525","476"
"573","Dusknoir","dusknoir","黑夜魔灵","525","477"
"574","Froslass","froslass","雪妖女","480","478"
"575","Rotom","rotom","洛托姆","440","479"
"576","Rotom-Heat","rotom-heat","加热洛托姆","520",NULL
"577","Rotom-Wash","rotom-wash","清洗洛托姆","520",NULL
"578","Rotom-Frost","rotom-frost","结冰洛托姆","520",NULL
"579","Rotom-Fan","rotom-fan","旋转洛托姆","520",NULL
"580","Rotom-Mow","rotom-mow","切割洛托姆","520",NULL
"581","Uxie","uxie","由克希","580","480"
"582","Mesprit","mesprit","艾姆利多","580","481"
"583","Azelf","azelf","亚克诺姆","580","482"
"584","Dialga","dialga","帝牙卢卡","680","483"
"585","Palkia","palkia","帕路奇亚","680","484"
"586","Heatran","heatran","席多蓝恩","600","485"
"587","Regigigas","regigigas","雷吉奇卡斯","670","486"
"588","Giratina","giratina","骑拉帝纳-别种形态","680","487"
"589","Giratina-Origin","giratina-origin","骑拉帝纳-起源形态","680","1037"
"590","Cresselia","cresselia","克雷色利亚","600","488"
"591","Phione","phione","霏欧纳","480","489"
"592","Manaphy","manaphy","玛纳霏","600","490"
"593","Darkrai","darkrai","达克莱伊","600","491"
"594","Shaymin","shaymin","谢米-陆上形态","600","492"
"595","Shaymin-Sky","shaymin-sky","谢米-天空形态","600","1038"
"596","Arceus","arceus","阿尔宙斯","720","493"
"597","Victini","victini","比克提尼","600","494"
"598","Snivy","snivy","藤藤蛇","308","495"
"599","Servine","servine","青藤蛇","413","496"
"600","Serperior","serperior","君主蛇","528","497"
"601","Tepig","tepig","暖暖猪","308","498"
"602","Pignite","pignite","炒炒猪","418","499"
"603","Emboar","emboar","炎武王","528","500"
"604","Oshawott","oshawott","水水獭","308","501"
"605","Dewott","dewott","双刃丸","413","502"
"606","Samurott","samurott","大剑鬼","528","503"
"607","Patrat","patrat","探探鼠","255","504"
"608","Watchog","watchog","步哨鼠","420","505"
"609","Lillipup","lillipup","小约克","275","506"
"610","Herdier","herdier","哈约克","370","507"
"611","Stoutland","stoutland","长毛狗","500","508"
"612","Purrloin","purrloin","扒手猫","281","509"
"613","Liepard","liepard","酷豹","446","510"
"614","Pansage","pansage","花椰猴","316","511"
"615","Simisage","simisage","花椰猿","498","512"
"616","Pansear","pansear","爆香猴","316","513"
"617","Simisear","simisear","爆香猿","498","514"
"618","Panpour","panpour","冷水猴","316","515"
"619","Simipour","simipour","冷水猿","498","516"
"620","Munna","munna","食梦梦","292","517"
"621","Musharna","musharna","梦梦蚀","487","518"
"622","Pidove","pidove","豆豆鸽","264","519"
"623","Tranquill","tranquill","咕咕鸽","358","520"
"624","Unfezant","unfezant","高傲雉鸡","488","521"
"625","Blitzle","blitzle","斑斑马","295","522"
"626","Zebstrika","zebstrika","雷电斑马","497","523"
"627","Roggenrola","roggenrola","石丸子","280","524"
"628","Boldore","boldore","地幔岩","390","525"
"629","Gigalith","gigalith","庞岩怪","515","526"
"630","Woobat","woobat","滚滚蝙蝠","323","527"
"631","Swoobat","swoobat","心蝙蝠","425","528"
"632","Drilbur","drilbur","螺钉地鼠","328","529"
"633","Excadrill","excadrill","龙头地鼠","508","530"
"634","Audino","audino","差不多娃娃","445","531"
"635","Audino-Mega","audino-mega","超级差不多娃娃","545","1056"
"636","Timburr","timburr","搬运小匠","305","532"
"637","Gurdurr","gurdurr","铁骨土人","405","533"
"638","Conkeldurr","conkeldurr","修建老匠","505","534"
"639","Tympole","tympole","圆蝌蚪","294","535"
"640","Palpitoad","palpitoad","蓝蟾蜍","384","536"
"641","Seismitoad","seismitoad","蟾蜍王","509","537"
"642","Throh","throh","投摔鬼","465","538"
"643","Sawk","sawk","打击鬼","465","539"
"644","Sewaddle","sewaddle","虫宝包","310","540"
"645","Swadloon","swadloon","宝包茧","380","541"
"646","Leavanny","leavanny","保姆虫","500","542"
"647","Venipede","venipede","百足蜈蚣","260","543"
"648","Whirlipede","whirlipede","车轮球","360","544"
"649","Scolipede","scolipede","蜈蚣王","485","545"
"650","Cottonee","cottonee","木棉球","280","546"
"651","Whimsicott","whimsicott","风妖精","480","547"
"652","Petilil","petilil","百合根娃娃","280","548"
"653","Lilligant","lilligant","裙儿小姐","480","549"
"654","Basculin","basculin","野蛮鲈鱼-红条纹的样子","460","550"
"655","Basculin-Blue-Striped","basculin-bluestriped","野蛮鲈鱼-蓝条纹的样子","460","1057"
"656","Sandile","sandile","黑眼鳄","292","551"
"657","Krokorok","krokorok","混混鳄","351","552"
"658","Krookodile","krookodile","流氓鳄","519","553"
"659","Darumaka","darumaka","火红不倒翁","315","554"
"660","Darumaka-Galar","darumaka-galar","火红不倒翁-伽勒尔的样子","315",NULL
"661","Darmanitan","darmanitan","达摩狒狒-普通模式","480","555"
"662","Darmanitan-Zen","darmanitan-zen","达摩狒狒-达摩模式","540","1059"
"663","Darmanitan-Galar","darmanitan-galar","达摩狒狒-伽勒尔的样子","480",NULL
"664","Darmanitan-Galar-Zen","darmanitan-galarzen","达摩狒狒-达摩模式","540","1059"
"665","Maractus","maractus","沙铃仙人掌","461","556"
"666","Dwebble","dwebble","石居蟹","325","557"
"667","Crustle","crustle","岩殿居蟹","485","558"
"668","Scraggy","scraggy","滑滑小子","348","559"
"669","Scrafty","scrafty","头巾混混","488","560"
"670","Sigilyph","sigilyph","象征鸟","490","561"
"671","Yamask","yamask","哭哭面具","303","562"
"672","Yamask-Galar","yamask-galar","哭哭面具-伽勒尔的样子","303","1062"
"673","Cofagrigus","cofagrigus","死神棺","483",NULL
"674","Tirtouga","tirtouga","原盖海龟","355","564"
"675","Carracosta","carracosta","肋骨海龟","495","565"
"676","Archen","archen","始祖小鸟","401","566"
"677","Archeops","archeops","始祖大鸟","567","567"
"678","Trubbish","trubbish","破破袋","329","568"
"679","Garbodor","garbodor","灰尘山","474","569"
"680","Zorua","zorua","索罗亚","330","570"
"681","Zoroark","zoroark","索罗亚克","510","571"
"682","Minccino","minccino","泡沫栗鼠","300","572"
"683","Cinccino","cinccino","奇诺栗鼠","470","573"
"684","Gothita","gothita","哥德宝宝","290","574"
"685","Gothorita","gothorita","哥德小童","390","575"
"686","Gothitelle","gothitelle","哥德小姐","490","576"
"687","Solosis","solosis","单卵细胞球","290","577"
"688","Duosion","duosion","双卵细胞球","370","578"
"689","Reuniclus","reuniclus","人造细胞卵","490","579"
"690","Ducklett","ducklett","鸭宝宝","305","580"
"691","Swanna","swanna","舞天鹅","473","581"
"692","Vanillite","vanillite","迷你冰","305","582"
"693","Vanillish","vanillish","多多冰","395","583"
"694","Vanilluxe","vanilluxe","双倍多多冰","535","584"
"695","Deerling","deerling","四季鹿-春天的样子","335","585"
"696","Deerling-Summer","deerling-summer","四季鹿-夏天的样子","335","1063"
"697","Deerling-Autumn","deerling-autumn","四季鹿-秋天的样子","335","1064"
"698","Deerling-Winter","deerling-winter","四季鹿-冬天的样子","335","1065"
"699","Sawsbuck","sawsbuck","萌芽鹿-春天的样子","475","586"
"700","Sawsbuck-Summer","sawsbuck-summer","萌芽鹿-夏天的样子","475","1066"
"701","Sawsbuck-Autumn","sawsbuck-autumn","萌芽鹿-秋天的样子","475","1067"
"702","Sawsbuck-Winter","sawsbuck-winter","萌芽鹿-冬天的样子","475","1068"
"703","Emolga","emolga","电飞鼠","428","587"
"704","Karrablast","karrablast","盖盖虫","315","588"
"705","Escavalier","escavalier","骑士蜗牛","495","589"
"706","Foongus","foongus","哎呀球菇","294","590"
"707","Amoonguss","amoonguss","败露球菇","464","591"
"708","Frillish","frillish","轻飘飘","335","592"
"709","Jellicent","jellicent","胖嘟嘟","480","593"
"710","Alomomola","alomomola","保姆曼波","470","594"
"711","Joltik","joltik","电电虫","319","595"
"712","Galvantula","galvantula","电蜘蛛","472","596"
"713","Ferroseed","ferroseed","种子铁球","305","597"
"714","Ferrothorn","ferrothorn","坚果哑铃","489","598"
"715","Klink","klink","齿轮儿","300","599"
"716","Klang","klang","齿轮组","440","600"
"717","Klinklang","klinklang","齿轮怪","520","601"
"718","Tynamo","tynamo","麻麻小鱼","275","602"
"719","Eelektrik","eelektrik","麻麻鳗","405","603"
"720","Eelektross","eelektross","麻麻鳗鱼王","515","604"
"721","Elgyem","elgyem","小灰怪","335","605"
"722","Beheeyem","beheeyem","大宇怪","485","606"
"723","Litwick","litwick","烛光灵","275","607"
"724","Lampent","lampent","灯火幽灵","370","608"
"725","Chandelure","chandelure","水晶灯火灵","520","609"
"726","Axew","axew","牙牙","320","610"
"727","Fraxure","fraxure","斧牙龙","410","611"
"728","Haxorus","haxorus","双斧战龙","540","612"
"729","Cubchoo","cubchoo","喷嚏熊","305","613"
"730","Beartic","beartic","冻原熊","505","614"
"731","Cryogonal","cryogonal","几何雪花","515","615"
"732","Shelmet","shelmet","小嘴蜗","305","616"
"733","Accelgor","accelgor","敏捷虫","495","617"
"734","Stunfisk","stunfisk","泥巴鱼","471","618"
"735","Stunfisk-Galar","stunfisk-galar","泥巴鱼-伽勒尔的样子","471","1069"
"736","Mienfoo","mienfoo","功夫鼬","350","619"
"737","Mienshao","mienshao","师父鼬","510","620"
"738","Druddigon","druddigon","赤面龙","485","621"
"739","Golett","golett","泥偶小人","303","622"
"740","Golurk","golurk","泥偶巨人","483","623"
"741","Pawniard","pawniard","驹刀小兵","340","624"
"742","Bisharp","bisharp","劈斩司令","490","625"
"743","Bouffalant","bouffalant","爆炸头水牛","490","626"
"744","Rufflet","rufflet","毛头小鹰","350","627"
"745","Braviary","braviary","勇士雄鹰","510","628"
"746","Vullaby","vullaby","秃鹰丫头","370","629"
"747","Mandibuzz","mandibuzz","秃鹰娜","510","630"
"748","Heatmor","heatmor","熔蚁兽","484","631"
"749","Durant","durant","铁蚁","484","632"
"750","Deino","deino","单首龙","300","633"
"751","Zweilous","zweilous","双首暴龙","420","634"
"752","Hydreigon","hydreigon","三首恶龙","600","635"
"753","Larvesta","larvesta","燃烧虫","360","636"
"754","Volcarona","volcarona","火神蛾","550","637"
"755","Cobalion","cobalion","勾帕路翁","580","638"
"756","Terrakion","terrakion","代拉基翁","580","639"
"757","Virizion","virizion","毕力吉翁","580","640"
"758","Tornadus","tornadus","龙卷云-化身形态","580","641"
"759","Tornadus-Therian","tornadus-therian","龙卷云-灵兽形态","580","1070"
"760","Thundurus","thundurus","雷电云-化身形态","580","642"
"761","Thundurus-Therian","thundurus-therian","雷电云-灵兽形态","580","1071"
"762","Reshiram","reshiram","莱希拉姆","680","643"
"763","Zekrom","zekrom","捷克罗姆","680","644"
"764","Landorus","landorus","土地云-化身形态","600","645"
"765","Landorus-Therian","landorus-therian","土地云-灵兽形态","600","1072"
"766","Kyurem","kyurem","酋雷姆","660","646"
"767","Kyurem-Black","kyurem-black","暗黑酋雷姆","700",NULL
"768","Kyurem-White","kyurem-white","焰白酋雷姆","700",NULL
"769","Keldeo","keldeo","凯路迪欧-平常的样子","580","647"
"770","Keldeo-Resolute","keldeo-resolute","凯路迪欧-觉悟的样子","580","1075"
"771","Meloetta","meloetta","美洛耶塔-歌声形态","600","648"
"772","Meloetta-Pirouette","meloetta-pirouette","美洛耶塔-舞步形态","600","1076"
"773","Genesect","genesect","盖诺赛克特","600","649"
"774","Chespin","chespin","哈力栗","313","650"
"775","Quilladin","quilladin","胖胖哈力","405","651"
"776","Chesnaught","chesnaught","布里卡隆","530","652"
"777","Fennekin","fennekin","火狐狸","307","653"
"778","Braixen","braixen","长尾火狐","409","654"
"779","Delphox","delphox","妖火红狐","534","655"
"780","Froakie","froakie","呱呱泡蛙","314","656"
"781","Frogadier","frogadier","呱头蛙","405","657"
"782","Greninja","greninja","甲贺忍蛙","530","658"
"783","Greninja-Ash","greninja-ash","小智版甲贺忍蛙","640",NULL
"784","Bunnelby","bunnelby","掘掘兔","237","659"
"785","Diggersby","diggersby","掘地兔","423","660"
"786","Fletchling","fletchling","小箭雀","278","661"
"787","Fletchinder","fletchinder","火箭雀","382","662"
"788","Talonflame","talonflame","烈箭鹰","499","663"
"789","Scatterbug","scatterbug","粉蝶虫","200","664"
"790","Spewpa","spewpa","粉蝶蛹","213","665"
"791","Vivillon","vivillon","彩粉蝶","411",NULL
"792","Litleo","litleo","小狮狮","369","667"
"793","Pyroar","pyroar","火炎狮","507","668"
"794","Flabe?be?","flabe?be?","花蓓蓓","303",NULL
"795","Floette","floette","花叶蒂","371",NULL
"796","Florges","florges","花洁夫人","552",NULL
"797","Skiddo","skiddo","坐骑小羊","350","672"
"798","Gogoat","gogoat","坐骑山羊","531","673"
"799","Pancham","pancham","顽皮熊猫","348","674"
"800","Pangoro","pangoro","流氓熊猫","495",NULL
"801","Furfrou","furfrou","多丽米亚-野生的样子","472","676"
"802","Furfrou","furfrou","多丽米亚-心形造型","472","1153"
"803","Furfrou","furfrou","多丽米亚-星形造型","472","1154"
"804","Furfrou","furfrou","多丽米亚-菱形造型","472","1155"
"805","Furfrou","furfrou","多丽米亚-淑女造型","472","1156"
"806","Furfrou","furfrou","多丽米亚-贵妇造型","472","1157"
"807","Furfrou","furfrou","多丽米亚-绅士造型","472","1158"
"808","Furfrou","furfrou","多丽米亚-女王造型","472","1159"
"809","Furfrou","furfrou","多丽米亚-歌舞伎造型","472","1160"
"810","Furfrou","furfrou","多丽米亚-国王造型","472","1161"
"811","Espurr","espurr","妙喵","355","677"
"812","Meowstic","meowstic","超能妙喵-雄性的样子","466","678"
"813","Meowstic-F","meowstic-f","超能妙喵-雌性的样子","466","1162"
"814","Honedge","honedge","独剑鞘","325","679"
"815","Doublade","doublade","双剑鞘","448","680"
"816","Aegislash","aegislash","坚盾剑怪-盾牌形态","500",NULL
"817","Aegislash-Blade","aegislash-blade","坚盾剑怪-刀剑形态","500","681"
"818","Spritzee","spritzee","粉香香","341","682"
"819","Aromatisse","aromatisse","芳香精","462","683"
"820","Swirlix","swirlix","绵绵泡芙","341","684"
"821","Slurpuff","slurpuff","胖甜妮","480","685"
"822","Inkay","inkay","好啦鱿","288","686"
"823","Malamar","malamar","乌贼王","482","687"
"824","Binacle","binacle","龟脚脚","306","688"
"825","Barbaracle","barbaracle","龟足巨铠","500","689"
"826","Skrelp","skrelp","垃垃藻","320","690"
"827","Dragalge","dragalge","毒藻龙","494","691"
"828","Clauncher","clauncher","铁臂枪虾","330","692"
"829","Clawitzer","clawitzer","钢炮臂虾","500","693"
"830","Helioptile","helioptile","伞电蜥","289","694"
"831","Heliolisk","heliolisk","光电伞蜥","481","695"
"832","Tyrunt","tyrunt","宝宝暴龙","362","696"
"833","Tyrantrum","tyrantrum","怪颚龙","521","697"
"834","Amaura","amaura","冰雪龙","362","698"
"835","Aurorus","aurorus","冰雪巨龙","521","699"
"836","Sylveon","sylveon","仙子伊布","525","700"
"837","Hawlucha","hawlucha","摔角鹰人","500","701"
"838","Dedenne","dedenne","咚咚鼠","431","702"
"839","Carbink","carbink","小碎钻","500","703"
"840","Goomy","goomy","黏黏宝","300","704"
"841","Sliggoo","sliggoo","黏美儿","452","705"
"842","Goodra","goodra","黏美龙","600","706"
"843","Klefki","klefki","钥圈儿","470","707"
"844","Phantump","phantump","小木灵","309","708"
"845","Trevenant","trevenant","朽木妖","474","709"
"846","Pumpkaboo","pumpkaboo","南瓜精-普通尺寸","335","710"
"847","Pumpkaboo-Small","pumpkaboo-small","南瓜精-小尺寸","335","1164"
"848","Pumpkaboo-Large","pumpkaboo-large","南瓜精-大尺寸","335","1165"
"849","Pumpkaboo-Super","pumpkaboo-super","南瓜精-特大尺寸","335","1166"
"850","Gourgeist","gourgeist","南瓜怪人-普通尺寸","494","711"
"851","Gourgeist-Small","gourgeist-small","南瓜怪人-小尺寸","494","1167"
"852","Gourgeist-Large","gourgeist-large","南瓜怪人-大尺寸","494","1168"
"853","Gourgeist-Super","gourgeist-super","南瓜怪人-特大尺寸","494","1169"
"854","Bergmite","bergmite","冰宝","304","712"
"855","Avalugg","avalugg","冰岩怪","514","713"
"856","Noibat","noibat","嗡蝠","245","714"
"857","Noivern","noivern","音波龙","535","715"
"858","Xerneas","xerneas","哲尔尼亚斯","680",NULL
"859","Yveltal","yveltal","伊裴尔塔尔","680","717"
"860","Zygarde","zygarde","基格尔德-50%形态","600","718"
"861","Zygarde-10%","zygarde-10%","基格尔德-10%形态","486","1171"
"862","Zygarde-Complete","zygarde-complete","基格尔德-完全体形态","708","1174"
"863","Diancie","diancie","蒂安希","600","719"
"864","Diancie-Mega","diancie-mega","超级蒂安希","700","1175"
"865","Hoopa","hoopa","惩戒胡帕","600",NULL
"866","Hoopa-Unbound","hoopa-unbound","解放胡帕","680",NULL
"867","Volcanion","volcanion","波尔凯尼恩","600","721"
"868","Rowlet","rowlet","木木枭","320","722"
"869","Dartrix","dartrix","投羽枭","420","723"
"870","Decidueye","decidueye","狙射树枭","530","724"
"871","Litten","litten","火斑喵","320","725"
"872","Torracat","torracat","炎热喵","420","726"
"873","Incineroar","incineroar","炽焰咆哮虎","530","727"
"874","Popplio","popplio","球球海狮","320","728"
"875","Brionne","brionne","花漾海狮","420","729"
"876","Primarina","primarina","西狮海壬","530","730"
"877","Pikipek","pikipek","小笃儿","265","731"
"878","Trumbeak","trumbeak","喇叭啄鸟","355","732"
"879","Toucannon","toucannon","铳嘴大鸟","485","733"
"880","Yungoos","yungoos","猫鼬少","253","734"
"881","Gumshoos","gumshoos","猫鼬探长","418","735"
"882","Grubbin","grubbin","强颚鸡母虫","300","736"
"883","Charjabug","charjabug","虫电宝","400","737"
"884","Vikavolt","vikavolt","锹农炮虫","500","738"
"885","Crabrawler","crabrawler","好胜蟹","338","739"
"886","Crabominable","crabominable","好胜毛蟹","478","740"
"887","Oricorio","oricorio","花舞鸟-热辣热辣风格","476","741"
"888","Oricorio-Pom-Pom","oricorio-pompom","花舞鸟-啪滋啪滋风格","476","1177"
"889","Oricorio-Pa'u","oricorio-pa'u","花舞鸟-呼拉呼拉风格","476","1178"
"890","Oricorio-Sensu","oricorio-sensu","花舞鸟-轻盈轻盈风格","476","1179"
"891","Cutiefly","cutiefly","萌虻","304","742"
"892","Ribombee","ribombee","蝶结萌虻","464","743"
"893","Rockruff","rockruff","岩狗狗","280","744"
"894","Lycanroc","lycanroc","鬃岩狼人-白昼的样子","487","745"
"895","Lycanroc-Midnight","lycanroc-midnight","鬃岩狼人-黑夜的样子","487","1181"
"896","Lycanroc-Dusk","lycanroc-dusk","鬃岩狼人-黄昏的样子","486","1182"
"897","Wishiwashi","wishiwashi","弱丁鱼-单独的样子","175","746"
"898","Wishiwashi-School","wishiwashi-school","弱丁鱼-鱼群的样子","620","1183"
"899","Mareanie","mareanie","好坏星","305","747"
"900","Toxapex","toxapex","超坏星","495","748"
"901","Mudbray","mudbray","泥驴仔","385","749"
"902","Mudsdale","mudsdale","重泥挽马","500","750"
"903","Dewpider","dewpider","滴蛛","269","751"
"904","Araquanid","araquanid","滴蛛霸","454","752"
"905","Fomantis","fomantis","伪螳草","250","753"
"906","Lurantis","lurantis","兰螳花","480","754"
"907","Morelull","morelull","睡睡菇??","285",NULL
"908","Shiinotic","shiinotic","灯罩夜菇","405","756"
"909","Salandit","salandit","夜盗火蜥","320","757"
"910","Salazzle","salazzle","焰后蜥","480","758"
"911","Stufful","stufful","童偶熊","340","759"
"912","Bewear","bewear","穿着熊","500","760"
"913","Bounsweet","bounsweet","甜竹竹","210","761"
"914","Steenee","steenee","甜舞妮","290","762"
"915","Tsareena","tsareena","甜冷美后","510","763"
"916","Comfey","comfey","花疗环环","485","764"
"917","Oranguru","oranguru","智挥猩","490","765"
"918","Passimian","passimian","投掷猴","490","766"
"919","Wimpod","wimpod","胆小虫","230","767"
"920","Golisopod","golisopod","具甲武者","530","768"
"921","Sandygast","sandygast","沙丘娃?","320",NULL
"922","Palossand","palossand","噬沙堡爷","480","770"
"923","Pyukumuku","pyukumuku","拳海参","410","771"
"924","Type: Null","type:null","属性:空","534","772"
"925","Silvally","silvally","银伴战兽","570","773"
"926","Minior","minior","小陨星-流星的样子","440","774"
"927","Minior-Red","minior-red","小陨星-红色核心","500","1207"
"928","Minior-Orange","minior-orange","小陨星-橙色核心","500","1208"
"929","Minior-Yellow","minior-yellow","小陨星-黄色核心","500","1209"
"930","Minior-Green","minior-green","小陨星-绿色核心","500","1210"
"931","Minior-pblue","minior-pblue","小陨星-浅蓝色核心","500","1211"
"932","Minior-Blue","minior-blue","小陨星-蓝色核心","500","1212"
"933","Minior-Purple","minior-purple","小陨星-紫色核心","500","1213"
"934","Komala","komala","树枕尾熊","480","775"
"935","Turtonator","turtonator","爆焰龟兽","485","776"
"936","Togedemaru","togedemaru","托戈德玛尔","435","777"
"937","Mimikyu","mimikyu","谜拟Q","476",NULL
"938","Mimikyu-Busted","mimikyu-busted","谜拟Q-现形的样子","476",NULL
"939","Bruxish","bruxish","磨牙彩皮鱼","475","779"
"940","Drampa","drampa","老翁龙","485","780"
"941","Dhelmise","dhelmise","破破舵轮","517","781"
"942","Jangmo-o","jangmoo","心鳞宝","300","782"
"943","Hakamo-o","hakamoo","鳞甲龙","420","783"
"944","Kommo-o","kommoo","杖尾鳞甲龙","600","784"
"945","Tapu Koko","tapukoko","卡璞?鸣鸣","570","785"
"946","Tapu Lele","tapulele","卡璞?蝶蝶","570","786"
"947","Tapu Bulu","tapubulu","卡璞?哞哞","570","787"
"948","Tapu Fini","tapufini","卡璞?鳍鳍","570","788"
"949","Cosmog","cosmog","科斯莫古","200","789"
"950","Cosmoem","cosmoem","科斯莫姆","400","790"
"951","Solgaleo","solgaleo","索尔迦雷欧","680","791"
"952","Lunala","lunala","露奈雅拉","680","792"
"953","Nihilego","nihilego","虚吾伊德","570","793"
"954","Buzzwole","buzzwole","爆肌蚊","570","794"
"955","Pheromosa","pheromosa","费洛美螂","570","795"
"956","Xurkitree","xurkitree","电束木","570","796"
"957","Celesteela","celesteela","铁火辉夜","570","797"
"958","Kartana","kartana","纸御剑","570","798"
"959","Guzzlord","guzzlord","恶食大王","570","799"
"960","Necrozma","necrozma","奈克洛兹玛","600","800"
"961","Necrozma-Dusk-Mane","necrozma-duskmane","奈克洛兹玛-黄昏之鬃","680","1215"
"962","Necrozma-Dawn-Wings","necrozma-dawnwings","奈克洛兹玛-拂晓之翼","680","1216"
"963","Necrozma-Ultra","necrozma-ultra","究极奈克洛兹玛","754","1217"
"964","Magearna","magearna","玛机雅娜","600","801"
"965","Magearna-Original","magearna-original","玛机雅娜-500年前的颜色","600","1218"
"966","Marshadow","marshadow","玛夏多","600","802"
"967","Poipole","poipole","毒贝比","420","803"
"968","Naganadel","naganadel","四颚针龙","540","804"
"969","Stakataka","stakataka","垒磊石","570","805"
"970","Blacephalon","blacephalon","砰头小丑","570","806"
"971","Zeraora","zeraora","捷拉奥拉","600","807"
"972","Meltan","meltan","美录坦","300","808"
"973","Melmetal","melmetal","美录梅塔","600","809"
"974","Grookey","grookey","敲音猴","310","810"
"975","Thwackey","thwackey","啪咚猴","420","811"
"976","Rillaboom","rillaboom","轰擂金刚猩","530","812"
"977","Scorbunny","scorbunny","炎兔儿","310","813"
"978","Raboot","raboot","腾蹴小将","420","814"
"979","Cinderace","cinderace","闪焰王牌","530","815"
"980","Sobble","sobble","泪眼蜥","310","816"
"981","Drizzile","drizzile","变涩蜥","420","817"
"982","Inteleon","inteleon","千面避役","530","818"
"983","Skwovet","skwovet","贪心栗鼠","275","819"
"984","Greedent","greedent","藏饱栗鼠","460","820"
"985","Rookidee","rookidee","稚山雀","245","821"
"986","Corvisquire","corvisquire","蓝鸦","365","822"
"987","Corviknight","corviknight","钢铠鸦","495","823"
"988","Blipbug","blipbug","索侦虫","180","824"
"989","Dottler","dottler","天罩虫","335","825"
"990","Orbeetle","orbeetle","以欧路普","505","826"
"991","Nickit","nickit","偷儿狐","245",NULL
"992","Thievul","thievul","狐大盗","455",NULL
"993","Gossifleur","gossifleur","幼棉棉","250","829"
"994","Eldegoss","eldegoss","白蓬蓬","460","830"
"995","Wooloo","wooloo","毛辫羊","270","831"
"996","Dubwool","dubwool","毛毛角羊","490","832"
"997","Chewtle","chewtle","咬咬龟","284","833"
"998","Drednaw","drednaw","暴噬龟","485","834"
"999","Yamper","yamper","来电汪","270","835"
"1000","Boltund","boltund","逐电犬","490","836"
"1001","Rolycoly","rolycoly","小炭仔","240","837"
"1002","Carkol","carkol","大炭车","410","838"
"1003","Coalossal","coalossal","巨炭山","510","839"
"1004","Applin","applin","啃果虫","260","840"
"1005","Flapple","flapple","苹裹龙","485","841"
"1006","Appletun","appletun","丰蜜龙","485","842"
"1007","Silicobra","silicobra","沙包蛇","315","843"
"1008","Sandaconda","sandaconda","沙螺蟒","510","844"
"1009","Cramorant","cramorant","古月鸟","475","845"
"1010","Cramorant-Gulping","gulpin-ntgulping","古月鸟-一口吞的样子","475","1219"
"1011","Cramorant-Gorging","cramorant-gorging","古月鸟-大口吞的样子","475","1220"
"1012","Arrokuda","arrokuda","刺梭鱼","280","846"
"1013","Barraskewda","barraskewda","戽斗尖梭","490","847"
"1014","Toxel","toxel","毒电婴","242",NULL
"1015","Toxtricity","toxtricity","颤弦蝾螈-高调的样子","502","849"
"1016","Toxtricity-Low-Key","toxtricity-lowkey","颤弦蝾螈-低调的样子","502","1221"
"1017","Sizzlipede","sizzlipede","烧火蚣","305","850"
"1018","Centiskorch","centiskorch","焚焰蚣","525","851"
"1019","Clobbopus","clobbopus","拳拳蛸","310","852"
"1020","Grapploct","grapploct","八爪武师","480","853"
"1021","Sinistea","sinistea","来悲茶","308",NULL
"1022","SinisteaChipped","sinistea-hipped","来悲茶（真品）","308",NULL
"1023","Polteageist","polteageist","怖思壶","508",NULL
"1024","PolteageistChipped","polteageist-hipped","怖思壶（真品）","508",NULL
"1025","Hatenna","hatenna","迷布莉姆","265","856"
"1026","Hattrem","hattrem","提布莉姆","370","857"
"1027","Hatterene","hatterene","布莉姆温","510","858"
"1028","Impidimp","impidimp","捣蛋小妖","265","859"
"1029","Morgrem","morgrem","诈唬魔","370","860"
"1030","Grimmsnarl","grimmsnarl","长毛巨魔","510","861"
"1031","Obstagoon","obstagoon","堵拦熊","520","862"
"1032","Perrserker","perrserker","喵头目","440","863"
"1033","Cursola","cursola","魔灵珊瑚","510","864"
"1034","Sirfetch’d","sirfetchd","葱游兵","507","865"
"1035","Sirfetch'd","sirfetchd","葱游兵","507","865"
"1036","Mr. Rime","mr.rime","踏冰人偶","520","866"
"1037","Runerigus","runerigus","死神板","483",NULL
"1038","Milcery","milcery","小仙奶","270","868"
"1039","Alcremie","alcremie","霜奶仙-奶香香草","495","869"
"1040","Alcremie-Rubycream","alcremie-rubycream","霜奶仙-奶香红钻","495","1224"
"1041","Alcremie-Matcha","alcremie-matcha","霜奶仙-奶香抹茶","495","1225"
"1042","Alcremie-Mint","alcremie-mint","霜奶仙-奶香薄荷","495","1226"
"1043","Alcremie-Lemon","alcremie-lemon","霜奶仙-奶香柠檬","495","1227"
"1044","Alcremie-Salted","alcremie-salted","霜奶仙-奶香雪盐","495","1228"
"1045","Alcremie-Rubyswirl","alcremie-rubyswirl","霜奶仙-红钻综合","495","1229"
"1046","Alcremie-Caramel","alcremie-caramel","霜奶仙-焦糖综合","495","1230"
"1047","Alcremie-Rainbow","alcremie-rainbow","霜奶仙-三色综合","495","1231"
"1048","Falinks","falinks","列阵兵","470","870"
"1049","Pincurchin","pincurchin","啪嚓海胆","435","871"
"1050","Snom","snom","雪吞虫","185","872"
"1051","Frosmoth","frosmoth","雪绒蛾","475","873"
"1052","Stonjourner","stonjourner","巨石丁","470","874"
"1053","Eiscue","eiscue","冰砌鹅-结冻头","470","875"
"1054","Eiscue-Noice","eiscue-noice","冰砌鹅-解冻头","470","1232"
"1055","Indeedee","indeedee","爱管侍-雄性的样子","475","876"
"1056","Indeedee-F","indeedee-f","爱管侍-雌性的样子","475","1233"
"1057","Morpeko","morpeko","莫鲁贝可-满腹花纹","436","877"
"1058","Morpeko-Hangry","morpeko-hangry","莫鲁贝可-空腹花纹","436","1234"
"1059","Cufant","cufant","铜象","330","878"
"1060","Copperajah","copperajah","大王铜象","500","879"
"1061","Dracozolt","dracozolt","雷鸟龙","505","880"
"1062","Arctozolt","arctozolt","雷鸟海兽","505","881"
"1063","Dracovish","dracovish","鳃鱼龙","505","882"
"1064","Arctovish","arctovish","鳃鱼海兽","505","883"
"1065","Duraludon","duraludon","铝钢龙","535","884"
"1066","Dreepy","dreepy","多龙梅西亚","270","885"
"1067","Drakloak","drakloak","多龙奇","410","886"
"1068","Dragapult","dragapult","多龙巴鲁托","600","887"
"1069","Zacian","zacian","苍响-百战勇者","670","888"
"1070","Zacian-Crowned","zacian-crowned","苍响-剑之王","720","1235"
"1071","Zamazenta","zamazenta","藏玛然特-百战勇者","670","889"
"1072","Zamazenta-Crowned","zamazenta-crowned","藏玛然特-盾之王","720","1236"
"1073","Eternatus","eternatus","无极汰那","690","890"
"1074","Eternatus-Eternamax","eternatus-eternamax","无极汰那-无极巨化","1125","1237"
"1075","Kubfu","kubfu","熊徒弟","385","891"
"1076","Urshifu","urshifu","武道雄狮-一击流","550",NULL
"1077","Urshifu-Rapid-Strike","urshifu-rapidstrike","武道雄狮-连击流","550",NULL
"1078","Zarude","zarude","萨戮德","600","893"
"1079","Zarude-Dada","zarude-dada","萨戮德-阿爸","600","1239"
"1080","Slowking-Galar","slowking-galar","呆呆王-伽勒尔的样子","490","954"
"1081","Zapdos-Galar","zapdos-galar","闪电鸟-伽勒尔的样子","580","949"
"1082","Articuno-Galar","articuno-galar","急冻鸟-伽勒尔的样子","580","948"
"1083","Moltres-Galar","moltres-galar","火焰鸟-伽勒尔的样子","580","950"
"1084","Regieleki","regieleki","雷吉艾勒奇","580","894"
"1085","Regidrago","regidrago","雷吉铎拉戈","580","895"
"1086","Glastrier","glastrier","雪暴马","580","896"
"1087","Spectrier","spectrier","灵幽马","580","897"
"1088","Calyrex","calyrex","蕾冠王","385","898"
"1089","Calyrex-Ice","calyrex-ice","蕾冠王-骑白马的样子","680","1240"
"1090","Calyrex-Shadow","calyrex-shadow","蕾冠王-骑黑马的样子","680","1241"
